date,expense
2024-01-01,479.88
2024-01-01,845.73
2024-01-01,807.61
2024-01-01,589.5
,869.59
2024-01-01,213.78
2024-01-01,120.8
,277.05
2024-01-01,66.52
2024-01-02,
2024-01-02,937.24
2024-01-02,48.95
2024-01-02,130.89
2024-01-02,457.68
,934.54
2024-01-03,322.99
2024-01-03,512.16
2024-01-03,51.16
,156.86
2024-01-04,986.76
2024-01-04,965.47
2024-01-04,14.89
2024-01-04,952.29
2024-01-04,642.73
2024-01-04,869.24
2024-01-04,460.19
2024-01-04,520.44
2024-01-05,493.96
2024-01-05,670.2
2024-01-05,148.25
2024-01-05,39.67
2024-01-05,314.85
2024-01-05,707.63
2024-01-05,
2024-01-05,676.7
2024-01-06,970.21
2024-01-06,102.96
2024-01-06,675.88
2024-01-06,449.31
2024-01-07,869.46
2024-01-07,185.38
2024-01-07,695.7
2024-01-07,839.73
2024-01-07,945.17
2024-01-07,686.42
2024-01-07,502.2
2024-01-08,621.67
2024-01-08,870.22
2024-01-08,574.9
2024-01-08,40.08
2024-01-08,931.64
2024-01-08,692.63
2024-01-09,679.75
2024-01-09,223.52
2024-01-09,662.3
2024-01-09,399.93
2024-01-09,654.72
2024-01-09,115.53
2024-01-09,661.27
2024-01-09,999.42
2024-01-10,57.73
2024-01-10,977.4
2024-01-10,412.84
2024-01-10,872.05
2024-01-10,784.56
,571.35
2024-01-11,741.06
2024-01-11,879.73
2024-01-11,410.1
2024-01-11,
2024-01-12,670.92
2024-01-12,809.77
2024-01-12,764.66
2024-01-12,799.84
2024-01-12,441.23
2024-01-12,819.66
2024-01-12,129.01
2024-01-12,549.04
2024-01-12,15.7
2024-01-12,331.34
2024-01-13,372.8
2024-01-13,402.21
2024-01-13,698.51
,394.67
2024-01-13,454.21
2024-01-13,245.17
2024-01-14,379.52
2024-01-14,235.0
2024-01-14,82.46
2024-01-14,607.41
2024-01-14,671.53
2024-01-14,623.3
2024-01-14,468.86
2024-01-14,385.99
2024-01-14,864.7
2024-01-14,523.89
2024-01-15,484.39
2024-01-15,35.39
,347.84
2024-01-15,386.39
2024-01-15,404.83
2024-01-15,584.37
2024-01-15,538.27
2024-01-15,611.83
2024-01-16,767.23
2024-01-16,814.86
2024-01-16,720.94
2024-01-17,955.97
2024-01-17,28.05
2024-01-17,203.82
2024-01-17,17.49
2024-01-17,651.0
2024-01-17,899.05
2024-01-17,251.05
2024-01-18,927.76
2024-01-18,69.66
2024-01-18,935.09
2024-01-19,358.11
2024-01-19,110.41
2024-01-19,491.01
2024-01-20,
2024-01-20,292.02
2024-01-20,314.22
2024-01-20,805.0
2024-01-20,543.77
2024-01-20,318.19
2024-01-21,614.23
2024-01-21,718.99
2024-01-21,279.9
2024-01-21,419.41
2024-01-22,130.67
2024-01-22,189.34
2024-01-22,684.31
2024-01-22,189.62
2024-01-22,529.91
2024-01-22,711.96
2024-01-23,115.81
2024-01-23,571.64
2024-01-23,264.0
2024-01-23,963.3
2024-01-23,488.71
2024-01-24,807.93
2024-01-24,
2024-01-25,52.98
2024-01-25,636.82
2024-01-25,951.89
2024-01-25,605.6
2024-01-25,821.0
2024-01-25,885.36
2024-01-25,235.8
2024-01-25,219.92
2024-01-25,614.87
2024-01-26,416.92
2024-01-26,841.46
2024-01-26,901.02
2024-01-26,359.89
2024-01-26,244.5
2024-01-27,782.72
2024-01-27,282.06
2024-01-27,824.39
2024-01-27,
2024-01-27,670.87
2024-01-28,104.58
2024-01-28,627.62
2024-01-28,457.25
2024-01-28,590.74
2024-01-28,176.33
2024-01-28,739.51
2024-01-29,864.17
2024-01-29,224.57
2024-01-29,104.76
2024-01-29,33.4
2024-01-29,645.55
2024-01-29,611.02
2024-01-29,551.23
2024-01-29,
2024-01-30,397.0
2024-01-31,598.53
2024-01-31,501.8
2024-02-01,987.91
2024-02-01,145.08
2024-02-02,698.19
2024-02-02,410.28
2024-02-02,433.92
2024-02-02,720.42
2024-02-03,695.51
2024-02-03,991.34
2024-02-03,137.11
2024-02-03,113.07
2024-02-03,727.1
2024-02-03,582.6
2024-02-04,281.42
2024-02-04,88.63
2024-02-04,94.8
2024-02-04,895.25
2024-02-04,199.95
2024-02-04,330.14
2024-02-04,234.39
2024-02-05,361.45
2024-02-05,
2024-02-05,523.87
2024-02-05,76.94
2024-02-05,802.35
2024-02-05,241.37
2024-02-06,544.61
2024-02-06,881.28
2024-02-06,654.37
2024-02-06,537.63
2024-02-06,331.09
2024-02-06,339.67
2024-02-07,672.79
2024-02-07,994.2
2024-02-07,665.22
2024-02-07,562.21
2024-02-07,733.34
2024-02-07,470.55
2024-02-08,69.54
2024-02-08,566.67
2024-02-08,958.05
2024-02-08,
2024-02-08,693.1
,208.92
2024-02-08,540.47
2024-02-08,105.71
2024-02-08,455.87
2024-02-08,758.6
2024-02-08,354.1
2024-02-08,668.26
2024-02-08,797.5
2024-02-09,927.91
2024-02-09,242.3
2024-02-09,405.32
,160.89
2024-02-09,
2024-02-09,
2024-02-09,544.56
2024-02-10,843.61
2024-02-10,525.75
2024-02-10,627.35
2024-02-10,98.23
2024-02-10,757.72
2024-02-10,
2024-02-10,827.81
2024-02-11,784.21
2024-02-11,711.66
2024-02-11,45.8
2024-02-11,310.1
2024-02-11,270.48
2024-02-11,366.54
,96.77
2024-02-12,937.59
2024-02-12,558.26
2024-02-13,312.47
2024-02-13,403.01
2024-02-13,452.73
2024-02-13,604.59
2024-02-13,520.52
2024-02-14,920.2
,501.99
2024-02-14,992.24
2024-02-15,852.91
2024-02-15,216.43
2024-02-15,931.29
,125.2
2024-02-15,819.28
2024-02-15,386.82
,879.19
2024-02-16,869.38
2024-02-16,807.87
2024-02-16,792.13
2024-02-16,
2024-02-16,90.11
2024-02-16,408.95
2024-02-16,181.79
2024-02-16,698.0
2024-02-17,352.64
2024-02-17,975.85
2024-02-17,644.56
2024-02-18,824.26
2024-02-18,141.2
2024-02-18,863.39
2024-02-18,923.53
2024-02-19,492.19
2024-02-19,610.19
,767.16
2024-02-20,183.09
2024-02-20,507.54
2024-02-20,404.68
2024-02-20,154.91
2024-02-20,373.86
,77.49
2024-02-20,35.55
2024-02-20,143.81
2024-02-21,963.48
2024-02-21,554.03
2024-02-21,966.16
2024-02-21,438.17
2024-02-22,318.7
2024-02-22,511.08
2024-02-22,445.12
2024-02-22,114.61
2024-02-22,644.42
2024-02-22,223.88
2024-02-22,623.39
2024-02-22,653.7
,160.5
2024-02-23,70.74
2024-02-23,782.95
2024-02-23,465.2
2024-02-23,67.58
2024-02-23,994.92
2024-02-23,67.2
2024-02-23,698.08
2024-02-23,983.84
2024-02-24,246.79
2024-02-24,150.83
2024-02-24,130.17
2024-02-24,310.24
2024-02-24,110.04
2024-02-24,695.24
2024-02-25,71.67
2024-02-25,514.33
2024-02-25,996.73
2024-02-26,815.83
2024-02-26,619.07
2024-02-27,313.19
2024-02-27,627.66
2024-02-27,531.77
2024-02-27,431.82
2024-02-27,139.4
2024-02-27,887.74
2024-02-27,455.29
2024-02-27,202.68
2024-02-28,
2024-02-28,419.99
2024-02-28,829.26
2024-02-28,736.28
2024-02-28,771.61
2024-02-28,20.92
,421.99
2024-02-29,486.53
2024-02-29,29.0
2024-02-29,267.22
2024-02-29,762.69
2024-02-29,145.74
2024-03-01,539.96
2024-03-01,223.05
2024-03-01,22.0
2024-03-01,248.79
2024-03-01,976.12
2024-03-02,803.52
2024-03-02,959.98
2024-03-02,492.98
2024-03-02,118.64
2024-03-02,552.48
2024-03-02,459.83
2024-03-02,845.91
2024-03-03,107.1
2024-03-03,493.36
2024-03-03,158.55
2024-03-03,331.43
2024-03-03,739.98
2024-03-03,481.26
2024-03-03,382.13
2024-03-03,400.53
2024-03-03,464.85
2024-03-04,787.17
2024-03-04,893.16
2024-03-04,955.78
2024-03-05,
2024-03-05,322.25
2024-03-05,691.25
2024-03-05,443.23
2024-03-06,262.12
2024-03-06,842.46
2024-03-06,48.04
2024-03-06,902.74
,466.86
2024-03-07,640.83
2024-03-07,
2024-03-08,896.17
2024-03-08,640.3
2024-03-08,617.79
2024-03-09,75.99
2024-03-09,523.22
2024-03-09,158.67
2024-03-09,740.06
2024-03-09,517.1
2024-03-09,683.43
,51.26
2024-03-10,93.94
2024-03-10,719.16
2024-03-12,81.36
2024-03-12,80.54
2024-03-12,21.99
2024-03-12,956.94
2024-03-12,740.13
2024-03-12,359.72
2024-03-13,303.57
2024-03-13,356.21
2024-03-13,776.91
2024-03-13,664.76
2024-03-14,193.34
2024-03-14,182.37
2024-03-15,107.41
2024-03-15,663.7
2024-03-15,766.73
2024-03-15,272.4
2024-03-15,30.74
2024-03-15,91.35
2024-03-15,968.18
2024-03-16,302.49
2024-03-16,771.53
2024-03-16,628.42
2024-03-16,388.12
2024-03-16,213.63
2024-03-16,130.17
2024-03-17,618.86
2024-03-17,776.89
2024-03-18,647.47
2024-03-18,535.0
2024-03-18,51.53
2024-03-18,968.8
2024-03-18,800.73
2024-03-18,299.89
2024-03-19,980.17
2024-03-19,605.86
2024-03-20,586.6
2024-03-20,750.59
2024-03-20,813.65
2024-03-20,659.91
2024-03-21,136.81
2024-03-21,344.88
2024-03-21,928.8
2024-03-21,232.37
2024-03-21,378.45
,437.76
2024-03-21,445.01
2024-03-22,
2024-03-22,943.65
2024-03-22,248.29
2024-03-22,130.29
2024-03-22,205.5
2024-03-23,888.06
2024-03-23,649.35
2024-03-24,293.05
2024-03-24,817.79
2024-03-24,862.76
2024-03-24,848.05
2024-03-24,919.74
2024-03-24,259.72
2024-03-24,757.49
2024-03-24,
2024-03-25,
2024-03-25,731.21
2024-03-26,778.68
2024-03-26,659.6
2024-03-26,
2024-03-26,549.58
2024-03-26,984.82
2024-03-26,938.01
2024-03-27,52.74
2024-03-27,173.17
2024-03-27,140.41
2024-03-27,728.72
2024-03-28,819.61
2024-03-28,221.38
2024-03-28,510.79
2024-03-29,842.3
,735.47
2024-03-29,546.81
2024-03-29,594.44
2024-03-29,513.28
2024-03-29,304.57
2024-03-30,569.37
2024-03-30,692.0
2024-03-30,874.59
2024-03-30,639.93
2024-03-30,763.51
2024-03-30,168.47
2024-03-30,466.94
2024-03-31,19.24
2024-04-01,254.21
2024-04-01,729.2
2024-04-01,991.89
2024-04-01,108.19
2024-04-01,407.48
2024-04-01,802.07
2024-04-01,212.0
2024-04-01,559.53
2024-04-01,735.74
2024-04-02,619.83
2024-04-02,196.14
2024-04-02,361.83
2024-04-02,785.95
2024-04-02,558.68
2024-04-03,15.18
2024-04-03,763.38
2024-04-03,44.96
2024-04-04,748.28
2024-04-04,210.46
2024-04-04,958.49
2024-04-04,374.26
2024-04-04,333.66
2024-04-04,157.4
,312.55
2024-04-04,877.88
,996.37
2024-04-05,374.63
2024-04-05,454.12
2024-04-05,724.85
2024-04-05,887.33
2024-04-05,597.11
2024-04-05,397.61
2024-04-05,418.5
2024-04-06,698.66
2024-04-06,13.19
2024-04-06,623.39
2024-04-06,361.94
2024-04-07,796.26
,102.06
2024-04-07,592.32
2024-04-07,486.16
2024-04-07,645.9
2024-04-07,74.21
2024-04-07,584.18
2024-04-07,565.87
2024-04-08,565.05
2024-04-08,607.45
2024-04-08,679.7
2024-04-08,806.94
2024-04-08,277.12
2024-04-08,826.8
2024-04-08,503.27
2024-04-08,86.29
2024-04-08,67.97
2024-04-08,340.9
2024-04-08,
2024-04-09,710.6
2024-04-09,790.73
,522.1
2024-04-09,445.8
2024-04-09,
2024-04-10,334.91
2024-04-10,439.68
,97.71
2024-04-10,228.41
2024-04-10,602.24
2024-04-10,738.31
2024-04-10,
2024-04-10,933.78
2024-04-11,646.14
2024-04-11,427.04
2024-04-12,639.82
,787.8
2024-04-12,127.15
2024-04-12,415.81
,841.4
2024-04-12,389.99
,576.15
2024-04-13,591.89
2024-04-13,192.63
,368.61
2024-04-13,341.17
2024-04-13,35.93
2024-04-13,33.95
2024-04-13,833.38
2024-04-14,280.34
2024-04-14,522.9
2024-04-14,305.74
2024-04-14,941.27
2024-04-15,
2024-04-15,435.36
2024-04-15,874.0
2024-04-15,843.51
2024-04-15,194.24
2024-04-16,
2024-04-16,463.61
2024-04-16,
2024-04-16,142.15
2024-04-17,
2024-04-17,730.66
2024-04-17,501.5
2024-04-17,442.48
2024-04-17,732.21
2024-04-18,
2024-04-18,167.32
2024-04-18,614.12
2024-04-19,144.0
2024-04-20,753.86
2024-04-20,660.39
2024-04-20,957.05
2024-04-20,78.27
2024-04-20,66.48
2024-04-20,289.37
2024-04-20,269.09
2024-04-20,254.51
2024-04-20,907.19
2024-04-20,257.05
2024-04-21,279.23
2024-04-21,761.8
2024-04-21,455.24
2024-04-21,778.94
2024-04-21,74.71
2024-04-22,492.7
,43.28
2024-04-22,72.03
2024-04-22,907.37
2024-04-22,147.85
2024-04-22,537.1
2024-04-22,416.98
2024-04-22,353.87
2024-04-22,900.84
2024-04-22,31.61
2024-04-23,667.15
2024-04-23,963.76
2024-04-23,564.57
2024-04-23,937.45
2024-04-24,61.74
2024-04-24,424.61
2024-04-24,267.56
2024-04-24,733.51
2024-04-25,981.48
2024-04-25,263.96
2024-04-25,657.63
2024-04-25,206.12
2024-04-26,569.68
2024-04-26,469.29
2024-04-26,972.29
2024-04-26,612.44
2024-04-26,356.01
2024-04-26,122.95
2024-04-26,159.73
2024-04-27,233.06
2024-04-27,258.46
2024-04-27,852.11
2024-04-27,565.61
2024-04-27,528.16
2024-04-27,123.62
2024-04-27,861.54
2024-04-28,725.59
2024-04-28,76.99
2024-04-28,710.76
2024-04-28,548.1
2024-04-29,90.91
2024-04-29,463.72
2024-04-29,489.85
2024-04-29,174.12
2024-04-29,946.24
2024-04-29,851.48
,672.33
2024-04-30,467.67
,417.65
2024-05-01,654.46
2024-05-01,549.98
2024-05-01,71.65
2024-05-01,517.38
2024-05-01,808.34
2024-05-01,464.65
2024-05-01,61.44
2024-05-01,788.42
2024-05-01,209.35
2024-05-02,266.03
2024-05-02,173.06
2024-05-02,336.91
2024-05-02,759.18
2024-05-03,524.19
2024-05-03,212.83
2024-05-03,879.05
2024-05-04,880.79
2024-05-04,
2024-05-04,246.41
2024-05-05,456.73
2024-05-05,985.14
2024-05-05,774.29
2024-05-05,36.9
2024-05-05,74.55
2024-05-05,469.29
2024-05-06,910.13
2024-05-06,543.31
2024-05-06,502.83
2024-05-06,114.42
2024-05-06,660.21
2024-05-07,823.88
,
2024-05-07,777.86
2024-05-07,964.83
2024-05-07,211.73
2024-05-07,528.1
2024-05-07,294.27
2024-05-08,794.93
,581.82
2024-05-08,638.24
2024-05-08,799.94
,402.01
2024-05-09,915.94
2024-05-09,537.7
2024-05-09,166.38
2024-05-09,698.94
2024-05-09,795.33
2024-05-09,323.59
2024-05-10,858.61
2024-05-10,907.08
2024-05-10,284.14
2024-05-10,983.69
2024-05-10,149.3
2024-05-10,210.0
2024-05-10,192.38
2024-05-10,895.05
2024-05-10,657.75
2024-05-11,160.58
2024-05-11,445.92
2024-05-11,619.15
2024-05-12,92.63
2024-05-12,883.59
2024-05-12,805.57
2024-05-12,510.15
2024-05-12,
2024-05-12,423.58
2024-05-12,984.27
2024-05-12,671.24
2024-05-13,638.32
2024-05-13,174.3
2024-05-13,883.11
,433.21
2024-05-13,170.61
2024-05-13,22.48
2024-05-13,564.16
2024-05-14,532.13
2024-05-14,
,891.36
2024-05-15,88.61
2024-05-15,734.18
2024-05-15,195.54
2024-05-15,859.6
2024-05-16,820.87
2024-05-16,545.39
2024-05-16,713.14
2024-05-16,321.21
2024-05-16,476.46
2024-05-16,823.42
2024-05-17,464.67
2024-05-17,364.22
2024-05-18,499.27
2024-05-18,829.97
2024-05-19,341.86
,182.02
2024-05-19,714.89
2024-05-20,827.72
2024-05-20,109.63
,
2024-05-20,150.55
2024-05-20,354.46
2024-05-21,455.85
2024-05-21,751.34
2024-05-21,654.64
2024-05-22,624.72
2024-05-22,358.85
2024-05-22,843.03
2024-05-22,476.57
2024-05-22,979.31
2024-05-22,637.8
2024-05-23,135.0
2024-05-23,679.42
2024-05-23,331.85
2024-05-23,689.46
2024-05-23,78.94
2024-05-23,183.13
2024-05-23,857.18
2024-05-23,234.91
2024-05-24,838.67
2024-05-24,286.48
2024-05-24,646.45
2024-05-24,697.21
2024-05-24,517.53
2024-05-24,312.26
2024-05-24,220.52
2024-05-24,42.86
2024-05-24,310.91
2024-05-25,
2024-05-25,938.92
2024-05-25,872.49
2024-05-25,768.4
2024-05-25,790.56
2024-05-26,668.34
2024-05-26,267.68
2024-05-26,908.12
2024-05-26,674.02
2024-05-26,564.84
2024-05-26,119.88
2024-05-26,452.58
,465.75
2024-05-26,865.92
2024-05-26,551.18
2024-05-27,386.6
2024-05-27,977.03
2024-05-27,119.61
2024-05-27,428.32
2024-05-27,51.6
2024-05-27,742.51
2024-05-27,918.9
2024-05-27,287.24
2024-05-28,859.76
2024-05-28,299.3
2024-05-28,911.66
2024-05-28,756.42
2024-05-29,806.86
2024-05-29,27.83
2024-05-29,963.18
2024-05-29,729.4
2024-05-29,311.7
,831.1
2024-05-30,288.71
2024-05-30,874.03
2024-05-30,121.45
2024-05-30,706.65
2024-05-30,545.29
2024-05-31,105.57
2024-05-31,249.47
2024-05-31,22.28
2024-05-31,474.08
2024-05-31,308.25
2024-05-31,602.37
2024-05-31,304.27
2024-05-31,306.92
2024-05-31,745.76
2024-05-31,57.66
2024-06-01,903.87
2024-06-01,853.74
,671.13
2024-06-01,597.29
2024-06-01,893.38
2024-06-01,193.48
2024-06-01,88.18
2024-06-02,247.12
2024-06-02,796.63
2024-06-02,44.32
2024-06-02,586.98
2024-06-02,995.48
2024-06-02,857.14
2024-06-02,526.23
2024-06-02,73.0
2024-06-03,833.06
2024-06-03,602.99
2024-06-03,123.78
2024-06-03,102.92
2024-06-04,910.53
2024-06-04,672.51
2024-06-05,
2024-06-05,880.19
2024-06-05,576.05
2024-06-05,522.27
2024-06-05,436.12
2024-06-05,323.78
2024-06-06,440.25
2024-06-06,776.14
2024-06-06,605.9
2024-06-06,893.6
2024-06-06,448.95
2024-06-06,611.02
2024-06-06,634.99
2024-06-07,595.78
2024-06-07,705.61
2024-06-07,245.06
2024-06-08,517.24
2024-06-08,113.18
2024-06-08,390.67
2024-06-08,492.79
2024-06-08,655.7
2024-06-08,951.03
2024-06-08,604.64
2024-06-08,746.16
2024-06-08,511.2
2024-06-08,637.76
2024-06-09,80.22
2024-06-09,261.85
2024-06-09,368.23
2024-06-09,477.77
2024-06-09,55.19
2024-06-09,148.62
2024-06-09,284.05
2024-06-09,971.82
2024-06-09,338.03
2024-06-10,487.22
2024-06-10,204.14
2024-06-10,614.67
2024-06-10,287.88
2024-06-11,214.92
2024-06-11,521.41
2024-06-11,15.45
2024-06-11,17.59
2024-06-11,226.88
2024-06-11,46.35
2024-06-11,116.95
2024-06-12,345.47
2024-06-12,804.56
2024-06-12,576.33
2024-06-12,517.54
2024-06-12,300.55
2024-06-12,932.44
2024-06-13,403.04
2024-06-13,96.22
2024-06-13,620.9
2024-06-13,122.7
2024-06-13,351.77
2024-06-13,512.34
2024-06-14,875.48
2024-06-14,498.61
2024-06-14,705.24
2024-06-14,992.89
2024-06-14,140.17
2024-06-15,281.98
,400.63
2024-06-16,427.61
2024-06-16,
2024-06-16,908.53
2024-06-16,716.89
2024-06-16,611.83
2024-06-17,316.28
2024-06-17,825.55
2024-06-18,955.51
,822.99
2024-06-18,11.55
2024-06-18,640.04
2024-06-18,60.62
2024-06-18,
2024-06-18,68.93
2024-06-18,607.76
2024-06-18,689.72
2024-06-19,123.34
2024-06-19,390.0
2024-06-19,461.67
2024-06-19,375.36
2024-06-20,129.81
2024-06-20,424.76
2024-06-20,753.67
,80.3
2024-06-20,89.38
2024-06-20,361.22
2024-06-21,942.31
2024-06-21,671.89
2024-06-21,681.88
2024-06-21,368.3
2024-06-21,597.72
2024-06-21,20.03
2024-06-21,
2024-06-21,914.15
2024-06-21,
2024-06-22,874.96
2024-06-22,726.73
2024-06-22,129.35
2024-06-22,903.43
2024-06-23,75.78
2024-06-23,538.63
2024-06-23,150.72
2024-06-23,21.59
2024-06-23,427.81
2024-06-24,302.09
2024-06-24,491.14
2024-06-24,581.43
2024-06-24,53.3
2024-06-24,131.77
2024-06-25,563.06
2024-06-25,349.74
2024-06-25,731.88
2024-06-25,655.77
2024-06-25,847.15
2024-06-25,695.57
2024-06-25,435.63
2024-06-25,676.24
2024-06-25,
2024-06-26,313.25
2024-06-26,791.1
2024-06-26,451.96
2024-06-26,800.4
2024-06-26,824.2
2024-06-26,858.99
2024-06-27,
2024-06-27,436.68
2024-06-27,325.68
2024-06-27,586.38
2024-06-27,377.46
,605.06
2024-06-28,708.53
,691.52
2024-06-28,380.81
2024-06-28,175.19
2024-06-28,436.22
,151.17
2024-06-29,891.2
2024-06-29,352.42
2024-06-29,162.92
2024-06-29,35.19
2024-06-29,649.36
2024-06-30,640.53
2024-06-30,347.2
2024-06-30,80.99
2024-06-30,415.53
2024-07-01,318.11
2024-07-01,680.35
2024-07-01,609.72
2024-07-01,370.95
2024-07-02,225.71
2024-07-02,988.16
2024-07-02,459.46
2024-07-02,
,149.15
2024-07-03,490.73
2024-07-04,37.26
2024-07-04,510.4
2024-07-04,964.38
2024-07-04,390.36
,48.61
2024-07-05,40.65
2024-07-05,394.11
2024-07-05,168.42
2024-07-05,33.12
2024-07-05,758.65
2024-07-05,463.94
2024-07-05,296.35
2024-07-06,901.08
2024-07-06,124.98
2024-07-06,956.36
2024-07-06,320.83
2024-07-06,889.52
2024-07-06,606.91
2024-07-06,828.44
2024-07-06,984.17
2024-07-07,295.52
2024-07-07,961.52
2024-07-07,395.59
2024-07-08,391.66
2024-07-08,346.98
2024-07-08,545.99
2024-07-08,162.6
2024-07-08,558.17
2024-07-08,
2024-07-08,764.28
2024-07-09,
2024-07-09,446.04
2024-07-09,309.31
2024-07-09,266.74
2024-07-10,202.68
2024-07-10,67.07
2024-07-10,349.02
2024-07-10,277.55
2024-07-10,966.75
2024-07-10,562.13
2024-07-10,353.8
2024-07-10,584.66
2024-07-10,147.8
2024-07-11,449.6
2024-07-11,629.97
2024-07-11,
2024-07-12,407.76
2024-07-12,993.91
2024-07-12,881.51
2024-07-12,627.17
2024-07-12,573.68
2024-07-13,624.45
2024-07-13,209.3
2024-07-13,401.19
2024-07-13,49.06
2024-07-13,480.79
2024-07-13,547.59
2024-07-13,235.47
2024-07-14,964.39
2024-07-14,910.36
2024-07-14,724.92
2024-07-14,538.05
2024-07-15,871.27
2024-07-15,139.35
2024-07-15,792.6
2024-07-16,133.57
2024-07-16,796.27
2024-07-16,283.01
2024-07-16,878.32
2024-07-16,944.6
2024-07-16,
2024-07-16,468.05
2024-07-16,981.18
,488.57
2024-07-17,864.91
2024-07-17,592.84
2024-07-17,381.58
2024-07-18,292.93
2024-07-18,211.19
2024-07-19,764.18
2024-07-19,392.68
2024-07-19,516.16
2024-07-19,497.4
2024-07-19,581.51
2024-07-19,
2024-07-20,980.93
2024-07-20,413.51
2024-07-20,829.24
2024-07-20,766.88
2024-07-20,577.79
,
2024-07-20,208.47
2024-07-20,118.17
2024-07-21,855.42
,444.76
2024-07-21,848.5
2024-07-22,894.16
2024-07-22,71.83
2024-07-22,884.63
2024-07-22,453.84
2024-07-23,515.33
2024-07-23,630.33
2024-07-23,927.12
2024-07-24,28.92
2024-07-24,482.08
2024-07-24,690.84
,725.48
2024-07-25,695.61
2024-07-25,143.09
2024-07-25,306.4
2024-07-25,365.13
2024-07-26,806.39
2024-07-26,285.97
2024-07-26,
2024-07-26,957.87
2024-07-26,18.77
2024-07-27,997.84
2024-07-27,680.05
2024-07-27,830.18
2024-07-28,301.67
2024-07-28,
2024-07-28,740.49
2024-07-28,835.8
2024-07-29,743.07
2024-07-29,151.42
2024-07-30,755.89
2024-07-30,771.23
2024-07-30,661.96
2024-07-31,768.45
2024-07-31,847.46
2024-07-31,617.47
2024-07-31,97.72
2024-08-01,492.75
,86.87
2024-08-01,413.47
2024-08-01,413.04
2024-08-01,75.35
2024-08-01,355.33
,119.89
2024-08-02,810.15
2024-08-02,
2024-08-02,81.59
2024-08-02,955.56
2024-08-02,527.35
2024-08-02,306.57
2024-08-02,86.09
2024-08-02,505.62
2024-08-02,796.57
2024-08-02,710.02
2024-08-03,59.72
,82.17
2024-08-03,408.84
2024-08-03,302.34
2024-08-03,240.06
2024-08-03,288.19
2024-08-04,805.45
2024-08-04,929.94
2024-08-04,411.05
2024-08-04,
2024-08-04,328.28
2024-08-04,481.67
2024-08-04,233.77
2024-08-04,644.07
2024-08-05,979.19
2024-08-05,607.46
2024-08-05,364.24
2024-08-05,651.34
2024-08-05,131.69
2024-08-05,889.77
2024-08-05,508.05
2024-08-06,454.86
2024-08-06,590.01
2024-08-07,628.54
2024-08-07,81.06
2024-08-07,
2024-08-07,249.51
2024-08-07,716.81
2024-08-07,824.31
2024-08-07,805.92
2024-08-07,556.98
2024-08-08,524.97
2024-08-08,151.45
2024-08-09,777.59
2024-08-09,278.7
2024-08-09,501.73
2024-08-09,291.43
2024-08-09,142.49
2024-08-09,633.26
2024-08-09,63.79
2024-08-10,751.16
2024-08-10,324.41
2024-08-10,10.13
2024-08-10,516.02
2024-08-10,56.38
2024-08-10,283.41
2024-08-10,709.91
2024-08-10,72.06
2024-08-10,840.95
2024-08-11,13.78
2024-08-11,254.36
2024-08-11,
2024-08-11,323.11
2024-08-11,110.87
2024-08-11,366.63
2024-08-11,277.69
2024-08-11,844.28
2024-08-11,320.21
2024-08-12,791.04
2024-08-12,892.95
2024-08-12,439.48
2024-08-12,910.84
2024-08-12,383.54
2024-08-12,964.44
2024-08-12,98.4
2024-08-13,690.15
2024-08-13,498.88
2024-08-13,393.77
2024-08-13,636.38
2024-08-13,706.82
2024-08-13,14.32
2024-08-13,175.28
2024-08-13,715.92
2024-08-13,669.72
2024-08-14,966.39
2024-08-14,763.43
2024-08-14,951.26
2024-08-14,705.52
2024-08-14,305.07
2024-08-14,114.31
2024-08-14,784.01
2024-08-14,647.71
2024-08-14,57.7
2024-08-14,366.45
2024-08-14,957.23
2024-08-15,505.4
2024-08-15,438.4
2024-08-15,463.12
2024-08-15,216.79
2024-08-15,375.02
2024-08-16,376.12
2024-08-16,61.83
2024-08-16,769.89
2024-08-16,422.34
2024-08-16,823.96
2024-08-16,851.84
2024-08-16,219.87
2024-08-16,660.78
2024-08-16,477.56
2024-08-17,881.36
2024-08-17,223.58
2024-08-18,681.04
2024-08-18,611.67
2024-08-18,302.35
2024-08-18,145.23
2024-08-18,655.12
2024-08-18,741.21
2024-08-18,322.47
2024-08-18,648.38
2024-08-19,401.18
2024-08-20,716.07
2024-08-20,207.22
2024-08-20,891.31
2024-08-20,294.54
,374.11
2024-08-20,67.51
2024-08-20,120.4
2024-08-20,520.7
2024-08-20,274.92
2024-08-20,837.13
2024-08-20,24.55
2024-08-21,385.3
2024-08-21,343.97
2024-08-22,
2024-08-22,133.12
,419.51
2024-08-22,497.94
2024-08-23,410.25
2024-08-23,535.63
2024-08-23,599.18
2024-08-23,19.82
2024-08-23,469.45
2024-08-23,963.86
2024-08-23,523.84
2024-08-23,680.77
2024-08-24,318.75
2024-08-24,776.25
2024-08-24,775.19
2024-08-24,526.08
2024-08-24,976.25
2024-08-24,134.29
2024-08-24,26.78
2024-08-24,772.46
2024-08-25,809.08
2024-08-25,129.01
2024-08-25,272.93
2024-08-25,27.38
2024-08-26,300.38
2024-08-26,775.41
2024-08-26,522.78
2024-08-26,354.61
2024-08-26,378.02
2024-08-26,11.34
2024-08-26,306.8
2024-08-26,649.99
2024-08-27,974.45
2024-08-27,848.59
2024-08-27,33.36
2024-08-27,899.57
2024-08-28,785.37
2024-08-28,782.57
2024-08-28,463.42
2024-08-29,404.03
,309.89
2024-08-29,75.04
2024-08-29,235.95
2024-08-29,254.14
2024-08-29,489.24
2024-08-30,749.97
2024-08-30,479.07
2024-08-30,67.27
2024-08-30,958.21
2024-08-30,943.3
2024-08-30,787.34
2024-08-30,991.41
2024-08-31,
2024-08-31,963.14
2024-08-31,84.85
2024-09-01,372.02
2024-09-02,233.13
,203.87
2024-09-02,149.39
2024-09-02,626.19
2024-09-02,783.51
2024-09-03,582.52
,155.49
2024-09-03,813.01
2024-09-03,639.6
2024-09-03,394.28
2024-09-03,677.39
2024-09-03,267.31
2024-09-03,351.74
2024-09-05,
2024-09-05,297.6
,475.29
2024-09-05,891.24
2024-09-05,710.64
2024-09-05,71.58
2024-09-06,155.83
2024-09-06,17.76
2024-09-06,634.61
2024-09-06,453.2
2024-09-06,142.93
2024-09-06,958.35
2024-09-07,534.36
2024-09-07,249.47
2024-09-07,505.6
2024-09-07,682.82
,85.48
2024-09-07,281.96
2024-09-07,808.9
2024-09-08,465.07
2024-09-08,551.11
2024-09-08,438.49
,53.46
2024-09-08,174.09
2024-09-08,451.09
2024-09-08,217.09
2024-09-09,59.48
2024-09-09,845.21
2024-09-09,981.38
2024-09-09,795.21
2024-09-09,855.25
2024-09-09,249.56
2024-09-10,961.02
2024-09-10,204.96
2024-09-10,951.92
2024-09-10,994.87
2024-09-10,714.61
2024-09-11,981.33
2024-09-11,573.84
2024-09-11,266.95
2024-09-11,442.63
2024-09-12,597.63
2024-09-12,82.35
2024-09-12,626.12
2024-09-13,981.37
2024-09-13,198.21
2024-09-13,794.67
2024-09-13,908.82
2024-09-13,944.26
2024-09-13,960.53
2024-09-13,526.25
2024-09-13,977.53
2024-09-14,759.74
2024-09-14,170.05
2024-09-14,482.13
2024-09-15,721.15
2024-09-15,254.87
2024-09-15,644.21
,
2024-09-15,171.07
2024-09-15,569.43
2024-09-15,773.91
2024-09-16,503.91
2024-09-16,21.98
2024-09-16,18.95
2024-09-17,363.46
2024-09-17,926.93
2024-09-17,236.39
2024-09-17,638.02
2024-09-17,229.86
2024-09-17,328.45
2024-09-17,849.56
2024-09-18,731.57
2024-09-18,104.45
2024-09-18,434.42
2024-09-18,38.88
2024-09-18,486.08
2024-09-18,665.81
2024-09-18,127.32
2024-09-19,296.0
2024-09-19,403.86
2024-09-20,920.34
2024-09-20,993.32
2024-09-20,54.46
,763.4
2024-09-20,378.01
2024-09-20,398.53
2024-09-20,756.72
2024-09-20,919.24
,951.42
2024-09-20,581.35
2024-09-20,363.55
2024-09-21,789.67
2024-09-21,258.49
2024-09-21,568.43
2024-09-22,364.99
2024-09-22,660.06
2024-09-22,247.99
2024-09-22,199.68
2024-09-23,919.06
2024-09-23,
2024-09-23,510.9
2024-09-23,228.64
2024-09-23,48.54
2024-09-23,45.66
2024-09-23,183.47
2024-09-24,868.1
2024-09-24,289.65
2024-09-24,950.95
2024-09-24,585.81
2024-09-24,442.25
2024-09-24,584.29
2024-09-24,521.53
2024-09-24,761.19
2024-09-25,289.67
2024-09-25,359.52
2024-09-25,895.15
2024-09-25,946.99
2024-09-26,893.63
2024-09-26,425.25
2024-09-26,782.56
2024-09-26,481.57
2024-09-26,502.56
2024-09-27,212.63
2024-09-27,595.22
2024-09-27,194.27
2024-09-27,338.25
2024-09-27,856.48
2024-09-27,215.01
2024-09-28,80.45
2024-09-28,78.32
2024-09-28,941.38
2024-09-29,511.85
2024-09-29,415.32
,812.77
2024-09-29,837.47
2024-09-29,338.87
2024-09-29,696.68
2024-09-29,773.41
2024-09-30,658.1
2024-09-30,160.08
2024-09-30,877.12
2024-09-30,543.7
2024-09-30,
2024-10-01,430.98
2024-10-01,47.2
,136.59
2024-10-01,767.89
2024-10-02,
2024-10-03,422.4
2024-10-03,527.29
2024-10-03,64.09
2024-10-03,973.35
2024-10-03,233.86
2024-10-03,311.16
2024-10-03,310.9
2024-10-04,238.11
2024-10-04,11.46
2024-10-04,732.05
2024-10-05,967.18
2024-10-05,232.05
2024-10-06,666.42
2024-10-06,744.48
2024-10-06,849.94
2024-10-06,428.4
2024-10-06,309.9
2024-10-06,332.04
2024-10-06,
2024-10-07,818.61
2024-10-07,189.8
,377.23
2024-10-07,
2024-10-08,808.63
2024-10-08,985.01
2024-10-08,756.71
2024-10-08,399.26
2024-10-08,594.73
2024-10-08,664.4
2024-10-08,87.67
2024-10-09,549.05
2024-10-09,712.23
2024-10-09,175.65
2024-10-09,782.83
2024-10-09,587.94
2024-10-09,952.7
2024-10-10,52.0
2024-10-10,272.67
2024-10-10,605.54
2024-10-10,303.59
2024-10-10,
2024-10-10,761.42
2024-10-11,111.49
2024-10-11,518.72
2024-10-11,513.8
2024-10-11,375.59
2024-10-11,
2024-10-11,829.23
2024-10-11,700.24
2024-10-11,717.18
2024-10-11,
2024-10-12,921.78
2024-10-12,697.65
2024-10-12,731.69
2024-10-12,863.07
2024-10-12,281.33
2024-10-12,809.0
2024-10-12,203.29
2024-10-13,351.89
2024-10-13,342.25
2024-10-13,978.74
2024-10-14,857.97
2024-10-14,704.16
2024-10-14,729.79
2024-10-14,566.45
2024-10-14,947.62
2024-10-14,501.3
2024-10-14,386.71
2024-10-14,171.4
2024-10-14,788.34
2024-10-14,737.1
2024-10-15,390.51
2024-10-15,34.94
2024-10-15,840.61
2024-10-15,21.3
,706.66
,
2024-10-15,443.28
2024-10-15,242.62
2024-10-15,707.82
2024-10-15,818.96
2024-10-15,550.97
2024-10-16,967.36
2024-10-16,61.15
2024-10-17,509.75
2024-10-17,721.27
2024-10-17,
2024-10-17,187.46
2024-10-18,802.0
2024-10-18,557.18
2024-10-18,402.59
2024-10-18,140.4
2024-10-19,866.64
2024-10-19,165.7
2024-10-19,316.69
2024-10-19,297.15
2024-10-19,872.7
2024-10-19,
2024-10-19,798.71
2024-10-19,257.96
2024-10-19,628.63
2024-10-19,576.03
2024-10-20,834.5
2024-10-20,907.03
2024-10-20,
2024-10-20,677.28
2024-10-20,61.32
2024-10-20,553.37
2024-10-21,294.76
2024-10-21,313.71
2024-10-21,359.43
2024-10-21,625.08
2024-10-21,340.71
,735.37
2024-10-22,410.48
2024-10-22,77.67
2024-10-22,785.92
2024-10-22,292.9
2024-10-22,438.44
2024-10-22,688.59
2024-10-23,339.13
2024-10-23,66.02
2024-10-24,380.18
2024-10-24,
2024-10-25,645.32
2024-10-25,674.76
2024-10-26,635.96
2024-10-26,207.0
2024-10-26,424.15
2024-10-27,753.43
2024-10-27,110.36
2024-10-27,285.07
2024-10-27,283.56
2024-10-27,437.7
2024-10-27,980.57
2024-10-27,76.83
2024-10-27,523.51
2024-10-28,187.57
2024-10-28,970.97
2024-10-28,122.17
2024-10-28,409.56
2024-10-28,740.51
2024-10-28,707.51
2024-10-28,428.5
2024-10-29,
2024-10-29,403.64
2024-10-29,271.63
2024-10-29,213.28
2024-10-29,488.21
2024-10-29,275.85
2024-10-29,294.59
2024-10-29,660.19
2024-10-29,968.85
2024-10-29,607.6
2024-10-30,86.21
2024-10-30,84.83
2024-10-30,951.91
2024-10-30,304.32
2024-10-30,101.15
2024-10-30,603.05
2024-10-31,627.41
2024-10-31,652.02
,274.73
2024-10-31,
2024-10-31,965.37
2024-10-31,258.38
,679.27
2024-10-31,709.56
2024-11-01,613.91
2024-11-01,319.78
2024-11-01,278.39
2024-11-01,601.69
2024-11-02,867.43
2024-11-02,947.27
2024-11-02,114.85
2024-11-02,163.28
2024-11-03,945.29
2024-11-03,739.17
2024-11-03,884.16
2024-11-04,210.61
2024-11-04,591.71
2024-11-04,704.13
2024-11-04,
2024-11-04,414.07
2024-11-04,25.24
2024-11-05,587.1
2024-11-05,260.57
,455.75
2024-11-05,958.01
2024-11-05,405.04
2024-11-05,841.4
,196.66
2024-11-06,675.74
2024-11-06,977.24
2024-11-06,
2024-11-06,18.24
,439.25
2024-11-07,
2024-11-07,750.9
2024-11-07,915.4
2024-11-07,439.68
2024-11-07,266.12
2024-11-08,440.06
2024-11-08,
2024-11-08,18.96
2024-11-08,593.56
2024-11-08,617.16
2024-11-08,641.31
2024-11-08,249.6
2024-11-08,716.91
2024-11-09,100.48
2024-11-09,207.28
2024-11-09,878.7
2024-11-09,741.34
2024-11-09,23.61
2024-11-10,255.89
2024-11-10,222.26
2024-11-10,278.1
2024-11-10,255.08
2024-11-11,71.9
2024-11-11,464.35
2024-11-11,735.41
2024-11-11,610.66
2024-11-11,676.14
2024-11-11,90.34
2024-11-11,951.98
2024-11-11,840.11
2024-11-12,807.04
2024-11-12,824.75
2024-11-12,933.38
,548.81
2024-11-12,208.28
2024-11-13,620.62
2024-11-13,745.45
2024-11-13,740.54
2024-11-13,526.23
2024-11-13,77.77
2024-11-13,377.4
2024-11-13,921.56
2024-11-13,588.6
2024-11-13,542.95
2024-11-13,276.16
2024-11-13,374.76
2024-11-13,896.39
2024-11-14,669.8
2024-11-14,789.51
2024-11-14,459.8
2024-11-14,633.94
2024-11-14,255.9
2024-11-14,708.41
2024-11-14,433.33
2024-11-14,448.12
2024-11-15,652.83
2024-11-15,936.92
2024-11-15,73.37
2024-11-15,826.5
2024-11-15,299.46
2024-11-15,449.48
,31.69
2024-11-16,308.04
2024-11-16,507.6
2024-11-16,65.61
2024-11-16,496.18
2024-11-17,927.84
2024-11-17,114.34
2024-11-17,766.8
2024-11-18,415.57
2024-11-18,658.62
2024-11-18,267.63
,167.9
,168.86
2024-11-18,79.79
2024-11-19,193.79
2024-11-19,667.58
2024-11-19,882.87
2024-11-19,815.98
2024-11-19,688.28
2024-11-19,119.33
2024-11-20,296.3
2024-11-20,316.71
2024-11-20,257.46
2024-11-20,519.86
2024-11-21,540.2
2024-11-21,363.32
2024-11-21,360.25
2024-11-21,830.27
2024-11-21,791.4
2024-11-21,314.72
2024-11-21,914.65
2024-11-22,953.29
2024-11-22,333.48
2024-11-22,360.88
2024-11-22,510.58
2024-11-23,941.71
2024-11-23,877.56
2024-11-23,111.54
2024-11-23,398.8
2024-11-23,557.84
2024-11-23,508.1
2024-11-23,201.92
2024-11-23,860.23
2024-11-24,680.17
2024-11-24,839.53
2024-11-24,860.18
2024-11-25,750.87
2024-11-25,444.82
2024-11-25,614.44
2024-11-25,168.76
2024-11-25,676.91
2024-11-25,187.46
2024-11-25,697.01
2024-11-25,237.3
2024-11-26,126.38
2024-11-26,173.63
2024-11-26,11.97
2024-11-26,721.55
2024-11-27,735.08
2024-11-27,519.78
2024-11-27,169.75
2024-11-27,92.72
2024-11-28,28.94
2024-11-28,174.09
2024-11-29,891.95
2024-11-29,249.12
2024-11-30,360.73
2024-11-30,114.29
2024-11-30,230.14
2024-11-30,
2024-11-30,611.68
2024-11-30,
2024-11-30,67.15
2024-12-01,397.12
,241.86
2024-12-01,227.36
2024-12-02,960.26
,620.14
2024-12-02,561.31
2024-12-02,421.62
2024-12-02,434.65
2024-12-03,545.5
2024-12-03,699.47
2024-12-03,705.12
2024-12-03,
2024-12-03,505.11
2024-12-03,417.84
2024-12-04,871.82
2024-12-04,635.1
2024-12-04,537.18
2024-12-04,124.24
2024-12-05,609.58
2024-12-05,126.03
2024-12-05,343.83
2024-12-05,151.41
2024-12-05,695.15
2024-12-05,
2024-12-05,397.94
2024-12-06,896.72
2024-12-06,212.27
2024-12-06,512.73
2024-12-06,425.08
2024-12-07,
2024-12-07,794.83
2024-12-07,78.36
2024-12-07,479.51
2024-12-07,565.07
2024-12-07,632.14
2024-12-07,691.75
2024-12-07,260.74
2024-12-07,19.88
2024-12-08,726.21
2024-12-09,
2024-12-09,837.76
2024-12-09,823.17
2024-12-09,844.89
2024-12-09,490.24
2024-12-09,340.29
2024-12-09,793.64
2024-12-10,456.78
2024-12-10,191.61
2024-12-10,856.42
2024-12-10,883.73
2024-12-11,471.65
2024-12-11,84.94
2024-12-11,393.95
2024-12-11,805.5
2024-12-11,902.76
2024-12-11,211.44
2024-12-11,76.3
2024-12-11,878.58
,395.51
,546.34
2024-12-12,968.39
2024-12-12,75.9
2024-12-13,651.83
2024-12-13,83.36
2024-12-13,381.71
,805.78
2024-12-13,439.14
,997.21
2024-12-14,563.47
2024-12-14,327.95
2024-12-14,
2024-12-14,357.02
2024-12-14,378.81
2024-12-14,78.03
2024-12-14,375.88
2024-12-14,
2024-12-14,725.51
2024-12-14,660.16
2024-12-15,711.68
2024-12-15,18.28
2024-12-15,225.49
2024-12-15,665.07
2024-12-15,
2024-12-15,15.26
2024-12-16,806.45
2024-12-16,775.08
2024-12-17,552.93
2024-12-17,75.8
2024-12-17,768.85
2024-12-17,587.88
2024-12-17,784.14
2024-12-18,754.23
2024-12-18,804.97
2024-12-18,522.83
2024-12-18,148.92
2024-12-18,674.45
2024-12-19,624.27
2024-12-19,744.83
2024-12-19,178.18
2024-12-19,203.03
2024-12-19,891.51
2024-12-20,752.48
2024-12-20,
2024-12-20,761.13
2024-12-20,601.18
,657.59
2024-12-20,890.24
2024-12-21,583.02
2024-12-21,636.07
2024-12-21,164.91
2024-12-21,479.18
2024-12-21,719.23
,278.23
2024-12-22,210.23
2024-12-22,320.69
2024-12-22,249.09
2024-12-22,222.76
2024-12-22,
2024-12-23,908.76
2024-12-23,511.99
2024-12-24,196.04
2024-12-24,86.2
2024-12-24,699.19
2024-12-24,388.97
2024-12-24,823.61
2024-12-24,662.92
2024-12-24,798.28
2024-12-25,279.23
2024-12-25,695.44
2024-12-25,271.42
2024-12-25,939.68
2024-12-25,640.01
2024-12-25,331.27
2024-12-25,276.82
2024-12-25,199.02
2024-12-25,697.69
2024-12-25,226.53
2024-12-26,599.35
2024-12-26,271.99
2024-12-26,665.35
2024-12-26,816.79
2024-12-26,780.24
2024-12-26,763.24
2024-12-27,195.85
2024-12-27,97.5
2024-12-28,701.96
2024-12-28,374.66
2024-12-28,438.02
2024-12-28,40.84
,266.98
2024-12-29,43.34
2024-12-29,880.39
2024-12-29,250.96
2024-12-29,561.76
2024-12-29,48.59
2024-12-29,670.18
2024-12-30,329.8
2024-12-30,
2024-12-30,889.24
2024-12-30,332.04
2024-12-30,901.95
2024-12-30,996.2
2024-12-30,827.16
2024-12-30,846.42
2024-12-30,256.52
2024-12-30,580.94
2024-12-31,76.58
2024-12-31,103.97
2024-12-31,998.9
2024-12-31,333.37
2024-12-31,750.7
